mid, adidas, adidas - EQT Support 91/18 sneakers - men - Rubber/Leather/Polyamide - 8, 6.5 - White, 230.0
designer, Fame and Partners, Fame and Partners Floral Wrap Dress, 229.0
designer, Karl Lagerfeld, Karl Lagerfeld - K/Ikonik belt bag - women - Leather - One Size - Black, 265.0
mid, Avec Les Filles, Avec Les Filles Structured Peaked Lapel Coat, 249.0
designer, Sisley Paris, Cellulinov, 200 mL, 242.0
mid, Jerome Dreyfuss, Clic Clac mock-croc clutch, 247.0
designer, rag & bone, Men's Rag & Bone Fit 2 Slim Fit Chinos, 225.0
mid, Supreme, Supreme Playboy Soccer Jersey Red, 239.0
designer, Re/Done, High-Rise Stovepipe Raw-Edge Cropped Jeans, 240.0
designer, Roberto Collina, Roberto Collina - roll-neck jumper - men - Polyamide/Spandex/Elastane/Merino/Alpaca Wool - 48, 50, 52 - yellow, 250.0
mid, Calvin Klein, Calvin Klein Single-Breasted Button Front Coat, 268.0
mid, Jordan, Jordan - quilted hi-top sneakers - men - Acetate - 7, 8, 8.5, 9, 10, 12, 12.5 - Black, 235.0
mid, Bec & Bridge, Bec & Bridge Clemence Boucle Mini Dress, 250.0
designer, Smythson, Smythson - Panama zipped wallet - women - Leather - One Size - Blue, 273.0
designer, Bloomingdale's, C by Bloomingdale's Shawl-Collar Cashmere Cardigan - 100% Exclusive, 248.0
mid, MSGM, MSGM - logo print hooded sweater - men - Cotton - S - PINK, 270.0
mid, Nike, Nike - VaporMax Heritage sneakers - men - Polyamide/Rubber/Polyester - 15 - Grey, 240.0
mid, Aidan By Aidan Mattox, Aidan by Aidan Mattox Off-the-Shoulder Sheath Dress, 245.0
mid, Nike, Air Max 90 Essential Black White (W), 233.0
designer, Pisarro Nights, Plus Size Women's Pisarro Nights Embellished Mesh Maxi Dress, 228.0
mid, Off-White, OFF-WHITE Industrial Belt (SS19) Brilliant Green, 307.0
mid, Boss Hugo Boss, Men's Boss Pioneer Chronograph Leather Strap Watch, 44Mm, 275.0
mid, KENZO, Tiger sweatshirt, 295.0
designer, Taylor, Taylor - high waisted palazzo pants - women - Viscose - 16, 8, 10, 6 - Black, 292.0
designer, Supreme, Supreme - FW19 logo backpack - unisex - Nylon - One Size - Multicolour, 275.0
mid, Neil Barrett, Neil Barrett - graphic print T-shirt - men - Cotton/Modal - L, M, S, XXL, XL - Black, 310.0
designer, Rebecca Taylor, La Vie Rebecca Taylor Patchwork Floral Dress, 295.0
designer, Ermenegildo Zegna, Ermenegildo Zegna - shiny round frame sunglasses - men - Acetate - One Size - Black, 285.0
designer, Versace, Versace Black Knit Medusa Scarf, 275.0
