Kate Spade New York,Fanciful sparkle-accented clovers shaped from signature spades cover a case designed to keep your tech safe from scrapes and scuffs. Style Name: Kate Spade New York Mirror Spade Clover Toss Iphone X/xs Case. Style Number: 5910529. Available in stores.,NORDSTROM,Kate Spade New York Mirror Spade Clover Toss Iphone X/xs Case -,45,Kate Spade New York Mirror Spade Clover Toss Iphone X/xs Case -,45,"{women_accessory,women_all,women_tech_accessories}",,,,, Kate Spade New York
Calvin Klein,Finely patterned socks are crafted from a soft combed-cotton blend. Style Name: Calvin Klein 3-Pack Patterned Dress Socks. Style Number: 333600 5. Available in stores.,NORDSTROM,Men's Calvin Klein 3-Pack Patterned Dress Socks,22,Men's Calvin Klein 3-Pack Patterned Dress Socks,10.19,"{men_clothing,men_all,men_intimates}",,,,, Calvin Klein
Dior,"What It Is: Three nail lacquer shades inspired by the colors of the city to reveal a strong and confident woman. What It Does: Shine. Gel coat resins with intense purity combined with a techno-polymer transform each coat of lacquer into a film as smooth and shiny as glass. Long-wear. Enriched with non-mineral silicon, Dior Vernis strengthens the nail surface for optimal hold, while the techno-polymer creates a seamless bond between the lacquer and the nail. For truly long-lasting wear. Free Of.",Bergdorf Goodman,"Couture Color, Gel Shine & Long Wear Nail Lacquer",28,"Couture Color, Gel Shine & Long Wear Nail Lacquer",28,"{women_clothing,women_all,women_intimates}",,,,, Dior
Burberry,"Burberry Beauty introduces Eye Colour, the new collection of single eyeshadows designed to be applied dry for a natural sweep of color or wet for a more intense result. Each Glow Eyeshadow features a gel-like texture, brightening reflective shades and a pure, crystal-clear finish to open the eye. Wear the individual shade alone or blend it together with another hue for infinite effects. Style Name: Burberry Beauty Eye Colour - Wet & Dry Glow",NORDSTROM,Burberry Beauty Eye Colour - Wet & Dry Glow Eyeshadow - No. 002 Nude,29.5,Burberry Beauty Eye Colour - Wet & Dry Glow Eyeshadow - No. 002 Nude,29.5,"{women_rings,women_all,women_accessory}",,,,, Burberry
Wedgwood,Vera Wang Wedgwood Gilded Weave Dinner Plate-Home,Bloomingdale's,Vera Wang Wedgwood Gilded Weave Dinner Plate,35,Vera Wang Wedgwood Gilded Weave Dinner Plate,,"{women_clothing,women_all,women_intimates,men_clothing,men_all,men_shirts}",,,,, Vera Wang
Diesel,"Black and white Samara sliders from Diesel featuring an open toe, a printed logo to the front, a branded insole, a flat sole and a PVC design.",Farfetch,"Diesel - Samara sliders - men - PVC - 46, 40 - Black",45,"Diesel - Samara sliders - men - PVC - 46, 40 - Black",45,"{men_shoe,men_all,men_sandals}",,,,, A.P.C.
Saint Laurent,"What It Is: A limited-edition lipstick collaboration created by Zoe Kravitz, in six new shades featuring Zoe's pick of a feminine-yet-edgy black on black glitter packaging. What It Does: Discover Zoe Kravitz's personal collection of the iconic Ysl lipstick, Rouge Pur Couture. Her handpicked shades come in three reds and three nudes, with three unique finishes; satin, matte, and shimmer. Named and inspired by her loved ones, Zoe brings her own strong identity to the pure and powerful, highly pigm",Bloomingdale's,"Yves Saint Laurent Rouge Pur Couture Lipstick, Zoe Kravitz Collection",38,"Yves Saint Laurent Rouge Pur Couture Lipstick, Zoe Kravitz Collection",38,"{women_bag,women_all,women_shoulder_bags}",,,,, Yves Saint Laurent
Dolce & Gabbana,"Match your branded clothing to your underwear courtesy of Dolce & Gabbana. Crafted in stretch cotton, these boxers are detailed with a logo waistband. Embrace 'logomania.' Featuring a printed logo and an elasticated waistband. Underwear and lingerie must be tried on over your own garments.",Farfetch,"Dolce & Gabbana - logo waistband boxer shorts - men - Cotton/Spandex/Elastane - 3, 4, 5, 6, 7 - Blue",45,"Dolce & Gabbana - logo waistband boxer shorts - men - Cotton/Spandex/Elastane - 3, 4, 5, 6, 7 - Blue",45,,,,,, Dolce & Gabbana
Supreme,Red logo print post-it notes from supreme featuring adhesive tape and printed logo tags.,Farfetch,Supreme - logo print post-it notes - unisex - Acetate - One Size - Red,25,Supreme - logo print post-it notes - unisex - Acetate - One Size - Red,25,,,,,, Supreme
Ralph Lauren Childrenswear,Ralph Lauren Childrenswear polo coverall. Spread collar, button placket front. Long sleeves. Pleated shoulders. Logo embroidery at chest. Snaps through legs. Cotton. Imported.,Bergdorf Goodman,"Interlock Polo Coverall, Size 3-12 Months",29.5,"Interlock Polo Coverall, Size 3-12 Months",,"{women_clothing,women_tops,women_all}",,,, Ralph Lauren
Kate Spade New York,"Classic blue-and-white dishes get a fresh modern update with kate spade new york's painterly assortment of stripes, spots, swirls and other motifs. Variations in design make them perfect for mixing and matching.",Bloomingdale's,kate spade new york Charlotte Street Pasta Bowl,21,kate spade new york Charlotte Street Pasta Bowl,,"{men_clothing,men_all,men_shirts}",,,,, Kate Spade New York
Kate Spade New York,kate spade new york Nolita Mug-Home,Bloomingdale's,kate spade new york Nolita Mug,16,kate spade new york Nolita Mug,,"{luggage,women_luggage,women_all,men_bag,women_accessory,women_gloves,men_luggage,women_bag,men_all}",,,,, Kate Spade New York
Kate Spade New York,"Classic blue-and-white dishes get a fresh modern update with kate spade new york's painterly assortment of stripes, spots, swirls and other motifs. Variations in design make them perfect for mixing and matching.",Bloomingdale's,kate spade new york Charlotte Street Fruit Bowl,15,kate spade new york Charlotte Street Fruit Bowl,,"{men_clothing,men_all,men_intimates}",,,,, Kate Spade New York
Kate Spade New York,"Classic blue-and-white dishes get a fresh modern update with kate spade new york's painterly assortment of stripes, spots, swirls and other motifs. Variations in design make them perfect for mixing and matching.",Bloomingdale's,kate spade new york Charlotte Street Accent Plate,19,kate spade new york Charlotte Street Accent Plate,,"{men_luggage,men_bag,men_all,women_luggage,women_bag,women_all,luggage}",,,,, Kate Spade New York
Paul Smith,"Stay warm and stylish this winter with these multicoloured Signature Stripe socks from Paul Smith. Crafted from a cotton-blend, they feature a striped print, a ribbed hem and a black heel and toe. Socks and Hosiery must be returned in its original unopened packaging.",Farfetch,"Paul Smith - Signature Stripe socks - men - Nylon/Spandex/Elastane - M, L - Black",25,"Paul Smith - Signature Stripe socks - men - Nylon/Spandex/Elastane - M, L - Black",25,,,,,, Paul Smith
Kate Spade New York,kate spade new york Birch Way Saucer-Home,Bloomingdale's,kate spade new york Birch Way Saucer,20,kate spade new york Birch Way Saucer,,"{women_accessory,women_all,women_gloves,men_luggage,men_bag,men_all,women_luggage,women_bag,women_all,luggage}",,,,, Kate Spade New York
Reiss,"The Franks socks in light-grey combine a soft cotton blend with a horizontal, striped design and are sure to become an indispensable part of your underwear collection. * Cotton-rich fabrication * Branding to each sole",REISS LTD,"Reiss Franks - Striped Socks in Light Grey, Mens",25,"Reiss Franks - Striped Socks in Light Grey, Mens",25,"{men_clothing,men_all,men_intimates}",,,,, Reiss
Burberry,"Discover Effortless Kohl, the versatile, highly pigmented crayon with exceptional color release and intensity. With a smooth texture and glide-on application, Effortless Kohl draws with precision, holds its structure and can be blended for multiple effects. Use to define the eyes along the inner and outer lash lines; smudge onto eyelids for a smoky look or use on the face for effortless color.",Bloomingdale's,Burberry Effortless Kohl Eyeliner,29,Burberry Effortless Kohl Eyeliner,,"{women_accessory,women_all,women_rings}",,,,, Burberry
Kate Spade New York,"Featuring a rich satin glaze on sturdy, durable stoneware, this sweet kate spade new york dinnerware is spot on when it comes to easy elegance and versatility.",Bloomingdale's,kate spade new york Larabee Dot Accent Plate,17,kate spade new york Larabee Dot Accent Plate,,"{women_accessory,women_all,women_scarves,men_luggage,men_bag,men_all,women_luggage,women_bag,women_all,luggage}",,,,, Kate Spade New York
Jimmy Choo,"Imagine femininity, luxury and style, bottled. Introducing Jimmy Choo, the fragrance. Expressing an aura of strength and beauty, glamour and confidence, it is inspired by modern women. Luminous green top notes, a heart of rich and exotic tiger orchid and lingering sensual base notes of sweet toffee and Indonesian patchouli leave a sensual memory on the skin. Notes: sweet orange, pear nectar, tiger orchid, Indonesian patchouli, caramel. Style",NORDSTROM,Jimmy Choo Eau De Parfum Rollerball,28,Jimmy Choo Eau De Parfum Rollerball,28,"{women_clothing,women_all,women_tops}",,,,, Jimmy Choo
Natori,"Sheer, stretchy floral lace makes a stunning statement on a low-rise tanga with a wide waistband and cheeky back. Style Name: Natori Statement Tanga. Style Number: 5845162 1. Available in stores.",Bloomingdale's,Natori Statement Tanga,32,Natori Statement Tanga,19.2,"{women_clothing,women_all,women_intimates}",,,,, Natori
M Missoni,"Black and white cotton-blend zig zag socks from M Missoni featuring a knitted style, a zigzag pattern, ribbed trimming and a slip-on style.",Farfetch,"M Missoni - zig zag socks - women - Cotton/Polyamide - S, L - Black",38,"M Missoni - zig zag socks - women - Cotton/Polyamide - S, L - Black",37,,,,,, Missoni
Ralph Lauren,Lauren Ralph Lauren Crest Drop Earrings-Jewelry & Accessories,Bloomingdale's,Lauren Ralph Lauren Crest Drop Earrings,32,Lauren Ralph Lauren Crest Drop Earrings,11.2,"{women_accessory,women_all,women_earrings}",,,,, Ralph Lauren
Kate Spade New York,kate spade new york Willow Drive All-Purpose Bowl-Home,Bloomingdale's,kate spade new york Willow Drive All-Purpose Bowl,14,kate spade new york Willow Drive All-Purpose Bowl,,"{women_accessory,women_all,women_tech_accessories,men_luggage,men_bag,men_all,women_luggage,women_bag,women_all,luggage}",,,,, Kate Spade New York
Dsquared2,Dean and Dan Caten - the infamous designer duo behind DSQUARED2 - have a maximalist design vision that blends sports-inspired styling with tough-luxe details. Presenting this black branded sheer thong from DSQUARED2. Underwear and lingerie must be tried on over your own garments.,Farfetch,"Dsquared2 - branded sheer thong - women - Polyamide/Spandex/Elastane - 42, 44, 46 - Black",60,"Dsquared2 - branded sheer thong - women - Polyamide/Spandex/Elastane - 42, 44, 46 - Black",60,"{women_clothing,women_all,women_intimates}",,,,, Dean and Dan Caten
Stella McCartney,Jazz berry and cobalt blue logo iPhone 6 case from Stella McCartney featuring a back embossed logo stamp. POSITIVELY CONSCIOUS: We’ve joined forces with ethical agency Good On You to give you the power to choose positively. This piece is from a brand that scores well on their key criteria.,Farfetch,Stella McCartney - logo iPhone 6 case - women - Polyurethane - One Size - PURPLE,59,Stella McCartney - logo iPhone 6 case - women - Polyurethane - One Size - PURPLE,59,"{women_accessory,women_all,women_tech_accessories}",,,,, Stella McCartney
Fleur du Mal,Rose pink  stretch silk satin hipster briefs from Fleur du Mal. Underwear and lingerie must be tried on over your own garments.,Farfetch,"Fleur Du Mal - satin hipster briefs - women - Silk/Spandex/Elastane - S, XS - PINK",45,"Fleur Du Mal - satin hipster briefs - women - Silk/Spandex/Elastane - S, XS - PINK",45,,,,,, Fleur Du Mal
Givenchy,"What It Is: The 2019 Fall Collection draws from the essence of shadows, inspired by the power of light. This limited-edition eyeshadow palette has 9 highly-pigmented shades for creating looks ranging from light to dark. What It Does: The shade range features a mix of various textures and finishes, from shiny to matte. Whether your desired look is sultry or smoky, neutral or dramatic, the easy-to-blend formula is buildable and vibrant enough to help you achieve it. The 2019 Fall Collection Eye Pa",Bloomingdale's,"Givenchy Prismissime Eye Palette - Limited Edition, Essence of Shadows 2019 Fall Collection",62,"Givenchy Prismissime Eye Palette - Limited Edition, Essence of Shadows 2019 Fall Collection",,"{women_accessory,women_all,women_rings}",,,,, Givenchy
Armani,Armani Boxer Briefs - Pack of 3-Men,Bloomingdale's,Armani Boxer Briefs - Pack of 3,58,Armani Boxer Briefs - Pack of 3,43.5,"{men_clothing,men_all,men_intimates}",,,,, Armani
Natori,Natori two-pack socks in rib-knit. Set includes two pairs of socks. Fine-linked toe seams. Nylon/viscose/cashmere/polyester/spandex. Machine wash. Imported.,Bergdorf Goodman,2-Pack Rib-Knit Cashmere Socks,46,2-Pack Rib-Knit Cashmere Socks,,"{men_clothing,women_clothing,women_all,men_intimates,women_intimates,men_all}",,,,, Natori
Reiss,"The Samuel pocket square in mid-brown is crafted from pure wool and designed with a unique medallion print, bringing a sartorial interest to your accessories collection. Wear it with a formal shirt and suit for a board-room ready look. * Made in Italy * 100% wool * Medallion print * 32cm X 32cm",REISS LTD,"Reiss Samuel - Wool Pocket Square in Mid Brown, Mens",60,"Reiss Samuel - Wool Pocket Square in Mid Brown, Mens",20,"{men_accessory,men_all,men_pocket_squares}",,,,, Reiss
Kate Spade New York,This elegant set of glasses by kate spade new york makes a perfectly appointed gift for a special pair.,Bloomingdale's,"kate spade new york Two Of A Kind Yours & Mine Wine Glass, Set of 2",50,"kate spade new york Two Of A Kind Yours & Mine Wine Glass, Set of 2",,"{women_accessory,women_all,women_eyewear,men_luggage,men_bag,men_all,women_luggage,women_bag,women_all,luggage}",,,,, Kate Spade New York
Dolce & Gabbana,"Bright murals depicting a crown, heart, star and logo prints representative of the Italian Fashion House’s signature style codes, As part of the #DGPATCH collection, this melted D&G shoe patch features a two-tone design and technical fabric application to the back.",Farfetch,Dolce & Gabbana - melted D&G shoe patch - women - PVC - One Size - ORANGE,65,Dolce & Gabbana - melted D&G shoe patch - women - PVC - One Size - ORANGE,65,"{women_accessory,women_all,women_hats}",,,,, Dolce & Gabbana
Supreme,"Supreme's The Persistence of Memory Tee released as a part of the brand's larger drop of tees during Week 6 of their Spring/Summer 2019 collection. Yet another display of Supreme's ability to incorporate deep-cut art references, this tee references the late Salvador Dali's 1931 painting, The Persistence Of Memory. The tee features the memorable melting clocks dripping over the surface of the shirt. The Persistence of Memory Tee was released on Thursday April 4th, 2019 and retailed for $48 USD.",StockX,Supreme The Persistence Of Memory Tee White,63,Supreme The Persistence Of Memory Tee White,,,,,,, Supreme
Chiara Ferragni,"Pink embroidered wink phone case from Chiara Ferragni featuring a structured design, camera cut out and a glitter base with a metallic rim.",Farfetch,Chiara Ferragni - embroidered wink phone case - women - Polyurethane - One Size - PINK,54,Chiara Ferragni - embroidered wink phone case - women - Polyurethane - One Size - PINK,54,"{women_accessory,women_all,women_tech_accessories}",,,,, Chiara Ferragni
Palm Angels,Palm Angels is a mix of creative director Ragazzi's sartorial Italian roots with the laidback culture of skaters in LA. This laidback mood is portrayed with these white cotton logo socks from Palm Angels. Socks and Hosiery must be returned in its original unopened packaging.,Farfetch,"Palm Angels - logo socks - men - Cotton/Polyamide/Spandex/Elastane - L/XL, S/M, S - White",65,"Palm Angels - logo socks - men - Cotton/Polyamide/Spandex/Elastane - L/XL, S/M, S - White",39,,,,,, Palm Angels
Palm Angels,Calf-high stretch cotton-blend jersey socks in black. Graphic knit in yellow and red at rib knit cuffs. Supplier color: Black/Multicolor,SSENSE,Palm Angels Black Flames Socks,65,Palm Angels Black Flames Socks,65,"{men_clothing,men_all,men_intimates}",,,,, Palm Angels
Matouk,"625 GSM white Egyptian cotton terry. Sateen applique detail and single initial in your choice of colors. Machine wash. Monogram in style shown. 13""Sq. Made in Portugal.",Bergdorf Goodman,Parterre Face Cloth,65,Parterre Face Cloth,,"{men_shirts,men_clothing,women_clothing,women_all,women_tops,men_all}",,,,, Matouk
Marchesa By Lenox,Lightly hammered handles of the finest quality stainless steel make Imperial Caviar place settings well suited for every day and entertaining. A slender silhouette and angled tip complete the look with the chic brilliance of Marchesa by Lenox flatware.,Bloomingdale's,Marchesa by Lenox Imperial Caviar 5 Piece Place Setting,65,Marchesa by Lenox Imperial Caviar 5 Piece Place Setting,,"{women_accessory,women_all,women_watches,men_accessory,men_all,men_jewelry}",,,,, Marchesa
Palace,Palace Tri Tonk T-Shirt Black,StockX,Palace Tri Tonk T-Shirt Black,65,Palace Tri Tonk T-Shirt Black,,"{men_clothing,men_all,men_tops}",,,,, Palace
Natori,Natori two-pack set includes silky sheer thigh highs and velvet touch opaque tights. Thigh highs: scalloped lace band with floral motif. Tights: high rise sits above waist. Optimal hold. Nylon/spandex. Imported.,Bergdorf Goodman,2-Pack Silky Sheer Thigh Highs & Velvet Tights,54,2-Pack Silky Sheer Thigh Highs & Velvet Tights,,"{women_clothing,women_all,women_intimates,men_bag,men_all,men_pouch}",,,,, Natori
Cartier,"Cartier Baiser Vole Body Lotion DetailsTrue to the scent of Baiser Vole Eau de Parfum, the body milk is full of fresh, floral and powdery notes, leaving the skin delicately fragrance and moisturized. 200mLDesigner About Cartier: Founded in 1847 by Louis-Francois Cartier, the renowned French house of Cartier has had ample time to immortalize its reputation for creating some of the world's finest jewelry, timepieces, and fragrances. Cartier is heralded for its many elegant design firsts, and ha.",Bergdorf Goodman,Baiser Vole Body Lotion,55,Baiser Vole Body Lotion,,"{women_intimates,women_clothing,women_all}",,,,, Cartier
Ralph Lauren,Ralph Lauren Pave Hinge Bangle Bracelet-Jewelry & Accessories,Bloomingdale's,Ralph Lauren Pave Hinge Bangle Bracelet,45,Ralph Lauren Pave Hinge Bangle Bracelet,,"{women_accessory,women_all,women_bracelets}",,,,, Ralph Lauren
Michael Kors,Michael Kors Custom Kors Semi-Precious Charm-Jewelry & Accessories,Bloomingdale's,Michael Kors Custom Kors Semi-Precious Charm,60,Michael Kors Custom Kors Semi-Precious Charm,45,"{men_key_chains,men_accessory,men_all,women_key_chains,women_accessory,women_all,key_chains}",,,,, Michael Kors
Ralph Lauren Childrenswear,Ralph Lauren Childrenswear two-piece accessory set in cotton. Cable-knit beanie hat with rolled brim. Knit booties with bow detail at vamp. Imported.,Bergdorf Goodman,"Cotton Accessory Set, White, Size Newborn-9 Months",65,"Cotton Accessory Set, White, Size Newborn-9 Months",,"{women_accessory,women_all,women_hats,men_accessory,men_all,men_hats}",,,,, Ralph Lauren
Atelier Cologne,"Key Notes: Calabrian bergamot, Turkish rose absolue, vanilla from Madagascar, guaiac wood Fragrance Family: Floral woody About The Fragrance: This candle has sparkling notes of ginger that brighten the base of earthy rose and dark guaiac wood, reflecting the vibrant and rich character of London. The rose is the national flower of England. In the early morning, the scent of blooming roses completely captivates the famous Regent's Park of London.",Bergdorf Goodman,Atelier Cologne Rose London Candle,75,Atelier Cologne Rose London Candle,,"{women_clothing,women_all,women_intimates,men_accessory,men_all,men_jewelry,men_key_chains,men_accessory,men_all,women_key_chains,women_accessory,women_all,key_chains}",,,,, Regent
Little Marc Jacobs,"Blue cotton logo band jeans from LITTLE MARC JACOBS featuring an elasticated waistband, a straight leg, a regular length, side pockets and back pockets.",Farfetch,"Little Marc Jacobs - logo band jeans - kids - Spandex/Elastane/Polyester/Cotton - 36, 9, 24, 6, 3, 12, 18 - Blue",75,"Little Marc Jacobs - logo band jeans - kids - Spandex/Elastane/Polyester/Cotton - 36, 9, 24, 6, 3, 12, 18 - Blue",52,,,,,, Marc Jacobs
Karl Lagerfeld Paris,Karl Lagerfeld Paris Sequin Head Tee-Men,Bloomingdale's,Karl Lagerfeld Paris Sequin Head Tee,69,Karl Lagerfeld Paris Sequin Head Tee,,"{men_clothing,men_all,men_tops}",,,,, Karl Lagerfeld
Emporio Armani,"Black cotton logo print T-shirt from Emporio Armani featuring a round neck, short sleeves, a straight fit and a straight hem.",Farfetch,"Emporio Armani - logo print T-shirt - men - Cotton - XXL, M, XL, XS, S, L - Black",89,"Emporio Armani - logo print T-shirt - men - Cotton - XXL, M, XL, XS, S, L - Black",84,,,,,, Armani
Calvin Klein,Calvin Klein Lace-Trim Blouse-Women,Bloomingdale's,Calvin Klein Lace-Trim Blouse,79.5,Calvin Klein Lace-Trim Blouse,,"{women_clothing,women_all,women_tops}",,,,, Calvin Klein
Versace,Versace T-shirt in solid jersey-knit. V neckline. Short sleeves. Logo detail at left chest. Slim fit. Straight hem. Cotton/spandex. Made in Italy.,Bergdorf Goodman,Jersey V-Neck T-Shirt,70,Jersey V-Neck T-Shirt,,"{men_clothing,men_all,men_tops}",,,,, Versace
Reiss,"Cut from a silk-blend fabrication and woven with a collegiate-inspired striped pattern, the Everest tie in navy is the kind of accessory that will add a touch of finesse to formal looks. Wear it with a crisp white shirt for a sartorial edge. * Made in Italy * Striped design * Blade Width: 7.5cm",REISS LTD,"Reiss Everest - Silk Blend Striped Tie in Navy, Mens",85,"Reiss Everest - Silk Blend Striped Tie in Navy, Mens",85,"{men_accessory,men_all,men_ties}",,,,, Reiss
Kate Spade New York,Display your bouquet in this small kate spade new york crystal vase with charming etched polka dots.,Bloomingdale's,kate spade new york Larabee Dot 7 Bouquet Vase,75,kate spade new york Larabee Dot 7 Bouquet Vase,,"{luggage,women_luggage,women_all,men_bag,women_accessory,women_bracelets,men_luggage,women_bag,men_all}",,,,, Kate Spade New York
Michael Kors,"Black  calf leather Jet set Bi-Fold cardholder from Michael Kors featuring an all over logo print, multiple card slots and a note compartment.",Farfetch,Michael Kors - Jet set Bi-Fold cardholder - men - Calf Leather - One Size - Black,84,Michael Kors - Jet set Bi-Fold cardholder - men - Calf Leather - One Size - Black,83,"{men_bag,men_all,men_wallets}",,,,, Michael Kors
Gottex,Profile by Gottex Bel Aire Swim Skirt-Women,Bloomingdale's,Profile by Gottex Bel Aire Swim Skirt,68,Profile by Gottex Bel Aire Swim Skirt,,"{women_clothing,women_all,women_swimwear}",,,,, Gottex
Alexander McQueen,"Originally presented as a scarf print in the 2003 womenswear runway show titled “Irere”, the globally recognised Alexander McQueen skull motif has become an ever-present element in the brand’s collections. A little rock’n’roll, a little dark, but always stylish, the endlessly adaptable skull motif is one of the undisputed stylistic hallmarks of the late British designer - found upon these stretch cotton blend socks. Featuring a striped pattern and a knitted logo. Socks and Hosiery must be returned in its original unopened packaging.",Farfetch,Alexander McQueen - skull knitted socks - women - Spandex/Elastane/Polyamide/Cotton - S - White,85,Alexander McQueen - skull knitted socks - women - Spandex/Elastane/Polyamide/Cotton - S - White,85,"{women_accessory,women_all,women_scarves}",,,,, Alexander McQueen
Fleur du Mal,Black and white logo trim lace triangle bra from Fleur du Mal. Underwear and lingerie must be tried on over your own garments.,Farfetch,Fleur Du Mal - logo trim lace triangle bra - women - Nylon/Spandex/Elastane - M - Black,78,Fleur Du Mal - logo trim lace triangle bra - women - Nylon/Spandex/Elastane - M - Black,78,"{women_clothing,women_all,women_intimates}",,,,, Fleur Du Mal
Supreme,"The red Supreme Prodigy T-shirt pays homage to the late rapper Prodigy of Mobb Deep. The design released shortly following the rap legend’s untimely passing as a part of the Supreme Spring/Summer 2018 collection. It features an illustration of Prodigy in the Hennessy football jersey he famously wore in the “Shook Ones” music video. Supreme script can be seen at the bottom left corner of the drawing. These styles are supplied by a premium sneaker and street wear marketplace. Stocking only the most sought-after footwear and clothing, they source and curate some of the most hard-to-find items from around the world.",Farfetch,Supreme - Prodigy T-shirt - men - Cotton - XL - Red,80,Supreme - Prodigy T-shirt - men - Cotton - XL - Red,80,"{men_clothing,men_all,men_tops}",,,,, Supreme
Ralph Lauren,"Handcrafted tray with leather handles. PVD plated stainless steel. 4.7""W x 8""D x 2""T. Imported.",Bergdorf Goodman,Wyatt Small Nested Tray,75,Wyatt Small Nested Tray,,{luggage},,,,, Ralph Lauren
Kate Spade New York,Solid piping traces soft and stretchy jersey pajamas that have a fun geo print you'll love lounging in all weekend. Style Name: Kate Spade New York Print Pajamas. Style Number: 5891598. Available in stores.,NORDSTROM,Women's Kate Spade New York Print Pajamas,78,Women's Kate Spade New York Print Pajamas,78,"{women_clothing,women_all,women_intimates}",,,,, Kate Spade New York
Christian Louboutin,"Christian Louboutin Oeil Vinyle Luminous Ink Liner DetailsInspired by patent leather, a brilliant leather iconic to the house of Louboutin, the designer introduces this finish for eyes with Oeil Vinyle. It imparts highly pigmented ink with a glossy sheen for eyes that are lined with intensity. Its soft and flexible texture ensures that the formula applies with integrity no smudging, no smearing for all-day wear. Faceted like a precious stone and slender like a dagger, this luminous ink liner.",Bergdorf Goodman,Oeil Vinyle Luminous Ink Liner,75,Oeil Vinyle Luminous Ink Liner,75,"{women_shoe,women_all,women_pumps}",,,,, Christian Louboutin
Michael Kors,A layered hem adds a just-right drapey finish to this medallion-print top with solid-stripe detailing at the neck and shoulders and down each sleeve. Style Name: Michael Michael Kors Medallion Print Foulard Layered Top (Plus Size). Style Number: 5875654. Available in stores.,NORDSTROM,Plus Size Women's Michael Michael Kors Medallion Print Foulard Layered Top,88,Plus Size Women's Michael Michael Kors Medallion Print Foulard Layered Top,66,"{women_clothing,women_tops,women_all}",,,,, Michael Kors
John Varvatos,John Varvatos Star Usa Eyelet Split-Neck Tee-Men,Bloomingdale's,John Varvatos Star Usa Eyelet Split-Neck Tee,88,John Varvatos Star Usa Eyelet Split-Neck Tee,,"{men_clothing,men_all,men_tops}",,,,, John Varvatos
BAPE,BAPE 2nd Shark Socks Orange,StockX,BAPE 2nd Shark Socks Orange,82,BAPE 2nd Shark Socks Orange,,"{men_clothing,men_all,men_intimates}",,,,, Bape
Champion,Show off supreme athletic style with Champion's Super Fleece 2.0 Behind The Label Crew. 80% cotton/20% polyester. Imported. Champion Super Fleece 2.0 Behind The Label Crew Sweatshirt - Surf The Web.,Champs Sports,Champion Super Fleece 2.0 Behind The Label Crew Sweatshirt - White,70,Champion Super Fleece 2.0 Behind The Label Crew Sweatshirt - White,54.99,"{men_clothing,men_all,men_sweatshirts}",,,,, Supreme
Kate Spade New York,Drift off into dreamland in charming PJs that pair a button-front shirt with relaxed shorts. Style Name: Kate Spade New York Short Pajamas. Style Number: 5812907. Available in stores.,NORDSTROM,Women's Kate Spade New York Short Pajamas,78,Women's Kate Spade New York Short Pajamas,78,"{women_clothing,women_all,women_intimates}",,,,, Kate Spade New York
Kate Spade New York,"Hail some serious cool points in this soft, drapey scarf across which yellow cabs dart and fly. Style Name: Kate Spade New York Taxi Scarf. Style Number: 5709088. Available in stores.",NORDSTROM,Women's Kate Spade New York Taxi Scarf,88,Women's Kate Spade New York Taxi Scarf,88,"{women_all,women_accessory,women_scarves}",,,,, Kate Spade New York
Karl Lagerfeld,"Red and black cotton K/logo baseball cap from Karl Lagerfeld featuring a round top, a visor, an adjustable fit and an embroidered logo to the front.",Farfetch,Karl Lagerfeld - K/logo baseball cap - women - Cotton - One Size - Red,70,Karl Lagerfeld - K/logo baseball cap - women - Cotton - One Size - Red,66,"{women_accessory,women_all,women_hats}",,,,, Karl Lagerfeld
Polo Ralph Lauren,Polo Ralph Lauren Traveler Tropical-Print Swim Shorts-Men,Bloomingdale's,Polo Ralph Lauren Traveler Tropical-Print Swim Shorts,85,Polo Ralph Lauren Traveler Tropical-Print Swim Shorts,25.5,"{men_clothing,men_all,men_swimwear}",,,,, Ralph Lauren
Little Marc Jacobs,"Black cotton spectrum logo sweatshirt from LITTLE MARC JACOBS featuring a ribbed crew neck, long sleeves, a relaxed fit, a ribbed hem and cuffs and a multicoloured print.",Farfetch,"Little Marc Jacobs - spectrum logo sweatshirt - kids - Cotton - 6, 8, 4, 5, 2, 3, 10 - Black",87,"Little Marc Jacobs - spectrum logo sweatshirt - kids - Cotton - 6, 8, 4, 5, 2, 3, 10 - Black",61,"{women_clothing,women_all,women_sweatshirts,men_clothing,men_all,men_sweatshirts}",,,,, Marc Jacobs
Moschino Kids,"White cotton logo print sweatshirt from Moschino Kids featuring a ribbed round neck, long sleeves, a ribbed hem and cuffs and a back button fastening.",Farfetch,"Moschino Kids - logo print sweatshirt - kids - Cotton - 3-6, 6-9, 9-12, 12-18, 18-24, 2, 3 - White",75,"Moschino Kids - logo print sweatshirt - kids - Cotton - 3-6, 6-9, 9-12, 12-18, 18-24, 2, 3 - White",75,"{women_clothing,women_all,women_sweatshirts,men_clothing,men_all,men_sweatshirts}",,,,, Moschino
Saint Laurent,"Yves Saint Laurent Beaute La Nuit De L'Homme L'Intense Eau de Parfum, 2.0 oz./ 60 mL DetailsSeduction takes on a new shade with La Nuit De L'Homme L'Intense by Yves Saint Laurent, a new fragrance for men. The ultimate sophistication, housed in a bottle which combines the red intensity of seduction with the elegant black of night. Sage and violet are blended with a vertiginous blast of iris concrete, combined with the Oriental signature of the original La Nuit De L'Homme; vanilla, patchouli an.",Bergdorf Goodman,"La Nuit De L'Homme L'Intense Eau de Parfum, 2.0 oz./ 60 mL",80,"La Nuit De L'Homme L'Intense Eau de Parfum, 2.0 oz./ 60 mL",,"{women_all,women_clothing,women_activewear}",,,,, Yves Saint Laurent
Etro,Blue cotton striped paisley socks from Etro featuring a paisley pattern and a striped pattern. Socks and Hosiery must be returned in its original unopened packaging.,Farfetch,Etro - striped paisley socks - men - Cotton/Polyamide - I - Blue,75,Etro - striped paisley socks - men - Cotton/Polyamide - I - Blue,75,"{men_clothing,men_all,men_intimates}",,,,, Etro
Tommy Hilfiger,Vibrant piping brings eye-catching contrast to this cozy sweater made from soft cotton. Style Name: Tommy Hilfiger Crewneck Sweater. Style Number: 5866145. Available in stores.,NORDSTROM,Women's Tommy Hilfiger Crewneck Sweater,69,Women's Tommy Hilfiger Crewneck Sweater,69,"{women_clothing,women_all,women_sweater}",,,,, Tommy Hilfiger
Longchamp,"Transport all your shaving gear and other critical toiletries in this waterproof travel kit from Longchamp, a measured design to enable your finest presentation on trips abroad.",Bloomingdale's,Longchamp Boxford Toiletry Kit,85,Longchamp Boxford Toiletry Kit,,"{men_luggage,men_bag,men_all,women_luggage,women_bag,women_all,luggage}",,,,, Longchamp
Joseph A Plus,Joseph A Plus Tiered Open Cardigan-Women-Plus~SHOP BY SIZE RANGE,Bloomingdale's,Joseph A Plus Tiered Open Cardigan,88,Joseph A Plus Tiered Open Cardigan,26.33,"{women_clothing,women_all,women_sweater}",,,,, Joseph
Calvin Klein,"Red cotton logo T-shirt from Calvin Klein featuring a ribbed crew neck, a graphic print, short sleeves and a straight hem.",Farfetch,"Calvin Klein - logo T-shirt - men - Cotton - M, XL, XXL, L - Red",76,"Calvin Klein - logo T-shirt - men - Cotton - M, XL, XXL, L - Red",65,"{men_clothing,men_all,men_tops}",,,,, Calvin Klein
Charles Jeffrey Loverboy,Navy blue and off-white cotton blend Loverboy socks from Charles Jeffrey Loverboy featuring a striped pattern.,Farfetch,Charles Jeffrey Loverboy - Loverboy socks - men - Rubber/Nylon/Cotton/Spandex/Elastane - One Size - Black,75,Charles Jeffrey Loverboy - Loverboy socks - men - Rubber/Nylon/Cotton/Spandex/Elastane - One Size - Black,75,"{men_clothing,men_all,men_intimates}",,,,, Off-White
Paul Smith,"Dark blue organic cotton Monkey Astronaut print T-shirt from PS Paul Smith featuring a jersey knit, a straight hem, a graphic print and short sleeves. POSITIVELY CONSCIOUS: We’ve joined forces with ethical agency Good On You to give you the power to choose positively. This piece is from a brand that scores well on their key criteria.",Farfetch,"PS Paul Smith - Monkey Astronaut print T-shirt - men - Organic Cotton - S, M, L, XL - Blue",75,"PS Paul Smith - Monkey Astronaut print T-shirt - men - Organic Cotton - S, M, L, XL - Blue",75,,,,,, Paul Smith
Supreme,"It is okay to be an avid collector, just as long as it doesn’t get you in debt or take over your home. Thankfully this light blue camp cap from Supreme won’t send you into a spiralling downfall, it will only lift you up. Collect them all.  a stiff brim, a front logo patch and an adjustable fastening.",Farfetch,Supreme - snap button camp cap - men - Cotton - One Size - TEAL,109,Supreme - snap button camp cap - men - Cotton - One Size - TEAL,109,,,,,, Supreme
Dior,"Introducing Dior Homme Eau for Men, a fresh woody fragrance with a masculine and sophisticated signature. Bold and refined, magnetic and charismatic, Dior Homme Eau for Men was created for the man with 1,000 lives to live. His mantra is James Dean's iconic quote: Dream as if you'll live forever. Live as if you'll die today. The new Eau for Men opens with top notes of Moroccan Grapefruit and Calabrian Bergamot blended with a spicy aromatic Crimean Coriander. The heart of the fragrance unfolds wit",Bergdorf Goodman,Dior Homme Eau For Men Eau De Toilette,95,Dior Homme Eau For Men Eau De Toilette,95,"{men_pouch,men_all,men_bag}",,,,, Dior
Polo Ralph Lauren,Polo Ralph Lauren The Earth Polo Custom Slim Fit Polo Shirt-Men,Bloomingdale's,Polo Ralph Lauren The Earth Polo Custom Slim Fit Polo Shirt,89.5,Polo Ralph Lauren The Earth Polo Custom Slim Fit Polo Shirt,,"{men_clothing,men_all,men_polo}",,,,, Ralph Lauren
Alexis Bittar,Woodgrain texture brings distinctive plays of light and movement to elegant Lucite hoop earrings fitted with pyramid-back posts. Style Name: Alexis Bittar Small Thin Hoop Earrings. Style Number: 5816578. Available in stores.,NORDSTROM,Women's Alexis Bittar Small Thin Hoop Earrings,95,Women's Alexis Bittar Small Thin Hoop Earrings,95,"{women_earrings,women_all,women_accessory}",,,,, Alexis
Ralph Lauren,Lauren Ralph Lauren Sequin-Sleeve Tee-Women,Bloomingdale's,Lauren Ralph Lauren Sequin-Sleeve Tee,89.5,Lauren Ralph Lauren Sequin-Sleeve Tee,,"{women_all,women_clothing,women_tops}",,,,, Ralph Lauren
Supreme,Supreme Thrasher Boyfriend Tee Pea Green,StockX,Supreme Thrasher Boyfriend Tee Pea Green,100,Supreme Thrasher Boyfriend Tee Pea Green,,"{men_clothing,men_all,men_tops}",,,,, Supreme
Barbour,Sharp gingham checks touch up a versatile sport shirt cut from stretchy cotton and fitted with a smart button-down collar. Style Name: Barbour Tailored Fit Gingham Check Button-Down Shirt. Style Number: 5908749 1. Available in stores.,NORDSTROM,Men's Barbour Tailored Fit Gingham Check Button-Down Shirt,99,Men's Barbour Tailored Fit Gingham Check Button-Down Shirt,49.5,"{men_clothing,men_all,men_shirts}",,,,, Barbour
Matouk,"Crisp, luxurious cotton percale bedding by Matouk. This pillowcase is accented with a lustrous sateen ribbon at the cuff.",Bloomingdale's,"Matouk Lowell Pillowcase, King",108,"Matouk Lowell Pillowcase, King",,"{women bracelets,men hats}",,,,, Matouk
Karl Lagerfeld,"Black cotton Karl X Olivia Profile T-shirt from Karl Lagerfeld featuring a round neck, short sleeves, rhinestone embellishments, a printed logo to the rear and a straight hem.",Farfetch,"Karl Lagerfeld - Karl X Olivia Profile T-shirt - women - Cotton - S, XS, M, L, XL - Black",105,"Karl Lagerfeld - Karl X Olivia Profile T-shirt - women - Cotton - S, XS, M, L, XL - Black",74,,,,,, Karl Lagerfeld
